ID,Smell,FPath
as_1_9,Inefficient Rendering,DatasetFiles\as_1_9.js
as_2_17,Inefficient Rendering,DatasetFiles\as_2_17.js
as_3_18,Inefficient Rendering,DatasetFiles\as_3_18.js
as_4_60,Inefficient Rendering,DatasetFiles\as_4_60.js
as_5_66,Inefficient Rendering,DatasetFiles\as_5_66.js
as_6_71,Inefficient Rendering,DatasetFiles\as_6_71.js
as_7_73,Inefficient Rendering,DatasetFiles\as_7_73.js
as_8_76,Inefficient Rendering,DatasetFiles\as_8_76.js
as_10_78,Inefficient Rendering,DatasetFiles\as_10_78.js
as_11_81,Inefficient Rendering,DatasetFiles\as_11_81.js
as_12_84,Inefficient Rendering,DatasetFiles\as_12_84.js
as_13_86,Inefficient Rendering,DatasetFiles\as_13_86.js
as_14_89,Inefficient Rendering,DatasetFiles\as_14_89.js
as_15_90,Inefficient Rendering,DatasetFiles\as_15_90.js
as_16_103,Inefficient Rendering,DatasetFiles\as_16_103.js
as_17_108,Inefficient Rendering,DatasetFiles\as_17_108.js
as_18_114,Inefficient Rendering,DatasetFiles\as_18_114.js
as_19_128,Inefficient Rendering,DatasetFiles\as_19_128.js
as_20_133,Inefficient Rendering,DatasetFiles\as_20_133.js
as_21_138,Inefficient Rendering,DatasetFiles\as_21_138.js
as_22_145,Inefficient Rendering,DatasetFiles\as_22_145.js
as_23_152,Inefficient Rendering,DatasetFiles\as_23_152.js
as_24_157,Inefficient Rendering,DatasetFiles\as_24_157.js
as_25_197,Inefficient Rendering,DatasetFiles\as_25_197.js
as_26_198,Inefficient Rendering,DatasetFiles\as_26_198.js
as_28_202,Inefficient Rendering,DatasetFiles\as_28_202.js
as_29_209,Inefficient Rendering,DatasetFiles\as_29_209.js
as_30_214,Inefficient Rendering,DatasetFiles\as_30_214.js
as_31_217,Inefficient Rendering,DatasetFiles\as_31_217.js
as_33_229,Inefficient Rendering,DatasetFiles\as_33_229.js
as_35_233,Inefficient Rendering,DatasetFiles\as_35_233.js
as_36_236,Inefficient Rendering,DatasetFiles\as_36_236.js
as_37_239,Inefficient Rendering,DatasetFiles\as_37_239.js
as_38_243,Inefficient Rendering,DatasetFiles\as_38_243.js
as_40_247,Inefficient Rendering,DatasetFiles\as_40_247.js
as_41_248,Inefficient Rendering,DatasetFiles\as_41_248.js
as_42_274,Inefficient Rendering,DatasetFiles\as_42_274.js
as_44_282,Inefficient Rendering,DatasetFiles\as_44_282.js
as_46_286,Inefficient Rendering,DatasetFiles\as_46_286.js
as_47_301,Inefficient Rendering,DatasetFiles\as_47_301.js
as_48_304,Inefficient Rendering,DatasetFiles\as_48_304.js
as_49_306,Inefficient Rendering,DatasetFiles\as_49_306.js
as_50_309,Inefficient Rendering,DatasetFiles\as_50_309.js
as_51_328,Inefficient Rendering,DatasetFiles\as_51_328.js
as_52_331,Inefficient Rendering,DatasetFiles\as_52_331.js
as_53_334,Inefficient Rendering,DatasetFiles\as_53_334.js
as_54_337,Inefficient Rendering,DatasetFiles\as_54_337.js
as_55_342,Inefficient Rendering,DatasetFiles\as_55_342.js
as_56_345,Inefficient Rendering,DatasetFiles\as_56_345.js
as_57_349,Inefficient Rendering,DatasetFiles\as_57_349.js
as_59_358,Inefficient Rendering,DatasetFiles\as_59_358.js
as_60_362,Inefficient Rendering,DatasetFiles\as_60_362.js
as_61_365,Inefficient Rendering,DatasetFiles\as_61_365.js
as_62_368,Inefficient Rendering,DatasetFiles\as_62_368.js
as_63_369,Inefficient Rendering,DatasetFiles\as_63_369.js
as_64_386,Inefficient Rendering,DatasetFiles\as_64_386.js
as_66_397,Inefficient Rendering,DatasetFiles\as_66_397.js
as_67_405,Inefficient Rendering,DatasetFiles\as_67_405.js
as_68_406,Inefficient Rendering,DatasetFiles\as_68_406.js
as_69_438,Inefficient Rendering,DatasetFiles\as_69_438.js
as_70_466,Inefficient Rendering,DatasetFiles\as_70_466.js
as_71_480,Inefficient Rendering,DatasetFiles\as_71_480.js
as_72_484,Inefficient Rendering,DatasetFiles\as_72_484.js
as_73_488,Inefficient Rendering,DatasetFiles\as_73_488.js
gr_1_3,Inefficient Rendering,DatasetFiles\gr_1_3.js
gr_2_8,Inefficient Rendering,DatasetFiles\gr_2_8.js
gr_3_15,Inefficient Rendering,DatasetFiles\gr_3_15.js
gr_4_17,Inefficient Rendering,DatasetFiles\gr_4_17.js
gr_5_23,Inefficient Rendering,DatasetFiles\gr_5_23.js
gr_6_41,Inefficient Rendering,DatasetFiles\gr_6_41.js
gr_8_49,Inefficient Rendering,DatasetFiles\gr_8_49.js
gr_9_52,Inefficient Rendering,DatasetFiles\gr_9_52.js
gr_11_58,Inefficient Rendering,DatasetFiles\gr_11_58.js
gr_12_65,Inefficient Rendering,DatasetFiles\gr_12_65.js
gr_13_69,Inefficient Rendering,DatasetFiles\gr_13_69.js
gr_14_72,Inefficient Rendering,DatasetFiles\gr_14_72.js
gr_15_83,Inefficient Rendering,DatasetFiles\gr_15_83.js
gr_16_84,Inefficient Rendering,DatasetFiles\gr_16_84.js
gr_17_91,Inefficient Rendering,DatasetFiles\gr_17_91.js
gr_18_92,Inefficient Rendering,DatasetFiles\gr_18_92.js
gr_19_93,Inefficient Rendering,DatasetFiles\gr_19_93.js
gr_20_103,Inefficient Rendering,DatasetFiles\gr_20_103.js
gr_21_111,Inefficient Rendering,DatasetFiles\gr_21_111.js
gr_22_115,Inefficient Rendering,DatasetFiles\gr_22_115.js
gr_23_130,Inefficient Rendering,DatasetFiles\gr_23_130.js
gr_24_133,Inefficient Rendering,DatasetFiles\gr_24_133.js
gr_25_141,Inefficient Rendering,DatasetFiles\gr_25_141.js
gr_26_144,Inefficient Rendering,DatasetFiles\gr_26_144.js
gr_27_147,Inefficient Rendering,DatasetFiles\gr_27_147.js
gr_28_151,Inefficient Rendering,DatasetFiles\gr_28_151.js
gr_29_153,Inefficient Rendering,DatasetFiles\gr_29_153.js
gr_30_156,Inefficient Rendering,DatasetFiles\gr_30_156.js
gr_31_157,Inefficient Rendering,DatasetFiles\gr_31_157.js
gr_32_159,Inefficient Rendering,DatasetFiles\gr_32_159.js
gr_33_163,Inefficient Rendering,DatasetFiles\gr_33_163.js
gr_34_165,Inefficient Rendering,DatasetFiles\gr_34_165.js
gr_35_212,Inefficient Rendering,DatasetFiles\gr_35_212.js
gr_36_236,Inefficient Rendering,DatasetFiles\gr_36_236.js
gr_37_238,Inefficient Rendering,DatasetFiles\gr_37_238.js
gr_38_241,Inefficient Rendering,DatasetFiles\gr_38_241.js
as_051,Inefficient Rendering,DatasetFiles\051.js
as_052,Inefficient Rendering,DatasetFiles\052.js
as_054,Inefficient Rendering,DatasetFiles\054.js
as_055,Inefficient Rendering,DatasetFiles\055.js
as_057,Inefficient Rendering,DatasetFiles\057.js
as_058,Inefficient Rendering,DatasetFiles\058.js
as_059,Inefficient Rendering,DatasetFiles\059.js
as_0510,Inefficient Rendering,DatasetFiles\0510.js
as_0511,Inefficient Rendering,DatasetFiles\0511.js
as_0512,Inefficient Rendering,DatasetFiles\0512.js
as_0513,Inefficient Rendering,DatasetFiles\0513.js
as_0514,Inefficient Rendering,DatasetFiles\0514.js
as_0516,Inefficient Rendering,DatasetFiles\0516.js
as_0517,Inefficient Rendering,DatasetFiles\0517.js
as_0518,Inefficient Rendering,DatasetFiles\0518.js
as_0519,Inefficient Rendering,DatasetFiles\0519.js
as_0520,Inefficient Rendering,DatasetFiles\0520.js
as_0521,Inefficient Rendering,DatasetFiles\0521.js
as_0524,Inefficient Rendering,DatasetFiles\0524.js
as_0525,Inefficient Rendering,DatasetFiles\0525.js
as_0526,Inefficient Rendering,DatasetFiles\0526.js
as_0527,Inefficient Rendering,DatasetFiles\0527.js
gr_39_247,Inefficient Rendering,DatasetFiles\gr_39_247.js
gr_40_250,Inefficient Rendering,DatasetFiles\gr_40_250.js
gr_41_252,Inefficient Rendering,DatasetFiles\gr_41_252.js
gr_42_255,Inefficient Rendering,DatasetFiles\gr_42_255.js
gr_43_261,Inefficient Rendering,DatasetFiles\gr_43_261.js
gr_44_264,Inefficient Rendering,DatasetFiles\gr_44_264.js
gr_45_267,Inefficient Rendering,DatasetFiles\gr_45_267.js
gr_46_270,Inefficient Rendering,DatasetFiles\gr_46_270.js
gr_47_272,Inefficient Rendering,DatasetFiles\gr_47_272.js
gr_48_275,Inefficient Rendering,DatasetFiles\gr_48_275.js
gr_49_281,Inefficient Rendering,DatasetFiles\gr_49_281.js
gr_50_285,Inefficient Rendering,DatasetFiles\gr_50_285.js
gr_51_288,Inefficient Rendering,DatasetFiles\gr_51_288.js
gr_52_293,Inefficient Rendering,DatasetFiles\gr_52_293.js
gr_53_295,Inefficient Rendering,DatasetFiles\gr_53_295.js
gr_54_297,Inefficient Rendering,DatasetFiles\gr_54_297.js
gr_55_299,Inefficient Rendering,DatasetFiles\gr_55_299.js
gr_56_306,Inefficient Rendering,DatasetFiles\gr_56_306.js
gr_57_309,Inefficient Rendering,DatasetFiles\gr_57_309.js
gr_58_312,Inefficient Rendering,DatasetFiles\gr_58_312.js
gr_59_316,Inefficient Rendering,DatasetFiles\gr_59_316.js
gr_60_319,Inefficient Rendering,DatasetFiles\gr_60_319.js
gr_61_322,Inefficient Rendering,DatasetFiles\gr_61_322.js
gr_62_323,Inefficient Rendering,DatasetFiles\gr_62_323.js
gr_63_326,Inefficient Rendering,DatasetFiles\gr_63_326.js
gr_64_327,Inefficient Rendering,DatasetFiles\gr_64_327.js
gr_65_336,Inefficient Rendering,DatasetFiles\gr_65_336.js
gr_66_344,Inefficient Rendering,DatasetFiles\gr_66_344.js
ns_1,None,DatasetFiles\ns_1.js
ns_2,None,DatasetFiles\ns_2.js
ns_3,None,DatasetFiles\ns_3.js
ns_4,None,DatasetFiles\ns_4.js
ns_5,None,DatasetFiles\ns_5.js
ns_6,None,DatasetFiles\ns_6.js
ns_7,None,DatasetFiles\ns_7.js
ns_8,None,DatasetFiles\ns_8.js
ns_9,None,DatasetFiles\ns_9.js
ns_10,None,DatasetFiles\ns_10.js
ns_11,None,DatasetFiles\ns_11.js
ns_12,None,DatasetFiles\ns_12.js
ns_13,None,DatasetFiles\ns_13.js
ns_14,None,DatasetFiles\ns_14.js
ns_15,None,DatasetFiles\ns_15.js
ns_16,None,DatasetFiles\ns_16.js
ns_17,None,DatasetFiles\ns_17.js
ns_18,None,DatasetFiles\ns_18.js
ns_19,None,DatasetFiles\ns_19.js
ns_20,None,DatasetFiles\ns_20.js
ns_21,None,DatasetFiles\ns_21.js
ns_22,None,DatasetFiles\ns_22.js
ns_23,None,DatasetFiles\ns_23.js
ns_24,None,DatasetFiles\ns_24.js
ns_25,None,DatasetFiles\ns_25.js
ns_26,None,DatasetFiles\ns_26.js
ns_27,None,DatasetFiles\ns_27.js
ns_28,None,DatasetFiles\ns_28.js
ns_29,None,DatasetFiles\ns_29.js
ns_30,None,DatasetFiles\ns_30.js
ns_31,None,DatasetFiles\ns_31.js
ns_32,None,DatasetFiles\ns_32.js
ns_33,None,DatasetFiles\ns_33.js
ns_34,None,DatasetFiles\ns_34.js
ns_35,None,DatasetFiles\ns_35.js
ns_36,None,DatasetFiles\ns_36.js
ns_37,None,DatasetFiles\ns_37.js
ns_38,None,DatasetFiles\ns_38.js
ns_39,None,DatasetFiles\ns_39.js
ns_40,None,DatasetFiles\ns_40.js
ns_41,None,DatasetFiles\ns_41.js
ns_42,None,DatasetFiles\ns_42.js
ns_43,None,DatasetFiles\ns_43.js
ns_44,None,DatasetFiles\ns_44.js
ns_45,None,DatasetFiles\ns_45.js
ns_46,None,DatasetFiles\ns_46.js
ns_47,None,DatasetFiles\ns_47.js
ns_48,None,DatasetFiles\ns_48.js
ns_49,None,DatasetFiles\ns_49.js
ns_50,None,DatasetFiles\ns_50.js
ns_51,None,DatasetFiles\ns_51.js
ns_52,None,DatasetFiles\ns_52.js
ns_53,None,DatasetFiles\ns_53.js
ns_54,None,DatasetFiles\ns_54.js
ns_55,None,DatasetFiles\ns_55.js
ns_56,None,DatasetFiles\ns_56.js
ns_57,None,DatasetFiles\ns_57.js
ns_58,None,DatasetFiles\ns_58.js
ns_59,None,DatasetFiles\ns_59.js
ns_60,None,DatasetFiles\ns_60.js
ns_61,None,DatasetFiles\ns_61.js
ns_62,None,DatasetFiles\ns_62.js
ns_63,None,DatasetFiles\ns_63.js
ns_64,None,DatasetFiles\ns_64.js
ns_65,None,DatasetFiles\ns_65.js
ns_66,None,DatasetFiles\ns_66.js
ns_67,None,DatasetFiles\ns_67.js
ns_68,None,DatasetFiles\ns_68.js
ns_69,None,DatasetFiles\ns_69.js
ns_70,None,DatasetFiles\ns_70.js
ns_71,None,DatasetFiles\ns_71.js
ns_72,None,DatasetFiles\ns_72.js
ns_73,None,DatasetFiles\ns_73.js
ns_74,None,DatasetFiles\ns_74.js
ns_75,None,DatasetFiles\ns_75.js
ns_76,None,DatasetFiles\ns_76.js
ns_77,None,DatasetFiles\ns_77.js
ns_78,None,DatasetFiles\ns_78.js
ns_79,None,DatasetFiles\ns_79.js
ns_80,None,DatasetFiles\ns_80.js
ns_81,None,DatasetFiles\ns_81.js
ns_82,None,DatasetFiles\ns_82.js
ns_83,None,DatasetFiles\ns_83.js
ns_84,None,DatasetFiles\ns_84.js
ns_85,None,DatasetFiles\ns_85.js
ns_86,None,DatasetFiles\ns_86.js
ns_87,None,DatasetFiles\ns_87.js
ns_88,None,DatasetFiles\ns_88.js
ns_89,None,DatasetFiles\ns_89.js
ns_90,None,DatasetFiles\ns_90.js
ns_91,None,DatasetFiles\ns_91.js
ns_92,None,DatasetFiles\ns_92.js
ns_93,None,DatasetFiles\ns_93.js
ns_94,None,DatasetFiles\ns_94.js
ns_95,None,DatasetFiles\ns_95.js
ns_96,None,DatasetFiles\ns_96.js
ns_97,None,DatasetFiles\ns_97.js
ns_98,None,DatasetFiles\ns_98.js
ns_99,None,DatasetFiles\ns_99.js
ns_100,None,DatasetFiles\ns_100.js
ns_101,None,DatasetFiles\ns_101.js
ns_102,None,DatasetFiles\ns_102.js
ns_103,None,DatasetFiles\ns_103.js
ns_104,None,DatasetFiles\ns_104.js
ns_105,None,DatasetFiles\ns_105.js
ns_106,None,DatasetFiles\ns_106.js
ns_107,None,DatasetFiles\ns_107.js
ns_108,None,DatasetFiles\ns_108.js
ns_109,None,DatasetFiles\ns_109.js
ns_110,None,DatasetFiles\ns_110.js
ns_111,None,DatasetFiles\ns_111.js
ns_112,None,DatasetFiles\ns_112.js
ns_113,None,DatasetFiles\ns_113.js
ns_114,None,DatasetFiles\ns_114.js
ns_115,None,DatasetFiles\ns_115.js
ns_116,None,DatasetFiles\ns_116.js
ns_117,None,DatasetFiles\ns_117.js
ns_118,None,DatasetFiles\ns_118.js
ns_119,None,DatasetFiles\ns_119.js
ns_120,None,DatasetFiles\ns_120.js
ns_121,None,DatasetFiles\ns_121.js
ns_122,None,DatasetFiles\ns_122.js
ns_123,None,DatasetFiles\ns_123.js
ns_124,None,DatasetFiles\ns_124.js
ns_125,None,DatasetFiles\ns_125.js
ns_126,None,DatasetFiles\ns_126.js
ns_127,None,DatasetFiles\ns_127.js
ns_128,None,DatasetFiles\ns_128.js
ns_129,None,DatasetFiles\ns_129.js
ns_130,None,DatasetFiles\ns_130.js
ns_131,None,DatasetFiles\ns_131.js
ns_132,None,DatasetFiles\ns_132.js
ns_133,None,DatasetFiles\ns_133.js
ns_134,None,DatasetFiles\ns_134.js
ns_135,None,DatasetFiles\ns_135.js
ns_136,None,DatasetFiles\ns_136.js
ns_137,None,DatasetFiles\ns_137.js
ns_138,None,DatasetFiles\ns_138.js
ns_139,None,DatasetFiles\ns_139.js
ns_140,None,DatasetFiles\ns_140.js
ns_141,None,DatasetFiles\ns_141.js
ns_142,None,DatasetFiles\ns_142.js
ns_143,None,DatasetFiles\ns_143.js
ns_144,None,DatasetFiles\ns_144.js
ns_145,None,DatasetFiles\ns_145.js
ns_146,None,DatasetFiles\ns_146.js
ns_147,None,DatasetFiles\ns_147.js
ns_148,None,DatasetFiles\ns_148.js
ns_149,None,DatasetFiles\ns_149.js
ns_150,None,DatasetFiles\ns_150.js
ns_151,None,DatasetFiles\ns_151.js
ns_152,None,DatasetFiles\ns_152.js
ns_153,None,DatasetFiles\ns_153.js
ns_154,None,DatasetFiles\ns_154.js
ns_155,None,DatasetFiles\ns_155.js
ns_156,None,DatasetFiles\ns_156.js
ns_157,None,DatasetFiles\ns_157.js
ns_158,None,DatasetFiles\ns_158.js
ns_159,None,DatasetFiles\ns_159.js
ns_160,None,DatasetFiles\ns_160.js
ns_161,None,DatasetFiles\ns_161.js
ns_162,None,DatasetFiles\ns_162.js
ns_163,None,DatasetFiles\ns_163.js
ns_164,None,DatasetFiles\ns_164.js
ns_165,None,DatasetFiles\ns_165.js
ns_166,None,DatasetFiles\ns_166.js
ns_167,None,DatasetFiles\ns_167.js
ns_168,None,DatasetFiles\ns_168.js
ns_169,None,DatasetFiles\ns_169.js
ns_170,None,DatasetFiles\ns_170.js
ns_171,None,DatasetFiles\ns_171.js
ns_172,None,DatasetFiles\ns_172.js
ns_173,None,DatasetFiles\ns_173.js
ns_174,None,DatasetFiles\ns_174.js
ns_175,None,DatasetFiles\ns_175.js
ns_176,None,DatasetFiles\ns_176.js
ns_177,None,DatasetFiles\ns_177.js
ns_178,None,DatasetFiles\ns_178.js
ns_179,None,DatasetFiles\ns_179.js
ns_180,None,DatasetFiles\ns_180.js
ns_181,None,DatasetFiles\ns_181.js
ns_182,None,DatasetFiles\ns_182.js
ns_183,None,DatasetFiles\ns_183.js
ns_184,None,DatasetFiles\ns_184.js
ns_185,None,DatasetFiles\ns_185.js
ns_186,None,DatasetFiles\ns_186.js
ns_187,None,DatasetFiles\ns_187.js
ns_188,None,DatasetFiles\ns_188.js
ns_189,None,DatasetFiles\ns_189.js
ns_190,None,DatasetFiles\ns_190.js
ns_191,None,DatasetFiles\ns_191.js
ns_192,None,DatasetFiles\ns_192.js
ns_193,None,DatasetFiles\ns_193.js
ns_194,None,DatasetFiles\ns_194.js
ns_195,None,DatasetFiles\ns_195.js
ns_196,None,DatasetFiles\ns_196.js
ns_197,None,DatasetFiles\ns_197.js
ns_198,None,DatasetFiles\ns_198.js
ns_199,None,DatasetFiles\ns_199.js
ns_200,None,DatasetFiles\ns_200.js
ns_201,None,DatasetFiles\ns_201.js
ns_202,None,DatasetFiles\ns_202.js
ns_203,None,DatasetFiles\ns_203.js
ns_204,None,DatasetFiles\ns_204.js
ns_205,None,DatasetFiles\ns_205.js
ns_206,None,DatasetFiles\ns_206.js
ns_207,None,DatasetFiles\ns_207.js
ns_208,None,DatasetFiles\ns_208.js
ns_209,None,DatasetFiles\ns_209.js
ns_210,None,DatasetFiles\ns_210.js
ns_211,None,DatasetFiles\ns_211.js
ns_212,None,DatasetFiles\ns_212.js
ns_213,None,DatasetFiles\ns_213.js
ns_214,None,DatasetFiles\ns_214.js
ns_215,None,DatasetFiles\ns_215.js
ns_216,None,DatasetFiles\ns_216.js
ns_217,None,DatasetFiles\ns_217.js
ns_218,None,DatasetFiles\ns_218.js
ns_219,None,DatasetFiles\ns_219.js
ns_220,None,DatasetFiles\ns_220.js
ns_221,None,DatasetFiles\ns_221.js
ns_222,None,DatasetFiles\ns_222.js
ns_223,None,DatasetFiles\ns_223.js
ns_224,None,DatasetFiles\ns_224.js
ns_225,None,DatasetFiles\ns_225.js
ns_226,None,DatasetFiles\ns_226.js
ns_227,None,DatasetFiles\ns_227.js
ns_228,None,DatasetFiles\ns_228.js
ns_229,None,DatasetFiles\ns_229.js
ns_230,None,DatasetFiles\ns_230.js
ns_231,None,DatasetFiles\ns_231.js
ns_232,None,DatasetFiles\ns_232.js
ns_233,None,DatasetFiles\ns_233.js
ns_234,None,DatasetFiles\ns_234.js
ns_235,None,DatasetFiles\ns_235.js
ns_236,None,DatasetFiles\ns_236.js
ns_237,None,DatasetFiles\ns_237.js
ns_238,None,DatasetFiles\ns_238.js
ns_239,None,DatasetFiles\ns_239.js
ns_240,None,DatasetFiles\ns_240.js
ns_241,None,DatasetFiles\ns_241.js
ns_242,None,DatasetFiles\ns_242.js
ns_243,None,DatasetFiles\ns_243.js
ns_244,None,DatasetFiles\ns_244.js
ns_245,None,DatasetFiles\ns_245.js
ns_246,None,DatasetFiles\ns_246.js
ns_247,None,DatasetFiles\ns_247.js
ns_248,None,DatasetFiles\ns_248.js
ns_249,None,DatasetFiles\ns_249.js
ns_250,None,DatasetFiles\ns_250.js
ns_251,None,DatasetFiles\ns_251.js
ns_252,None,DatasetFiles\ns_252.js
ns_253,None,DatasetFiles\ns_253.js
ns_254,None,DatasetFiles\ns_254.js
ns_255,None,DatasetFiles\ns_255.js
ns_256,None,DatasetFiles\ns_256.js
ns_257,None,DatasetFiles\ns_257.js
ns_258,None,DatasetFiles\ns_258.js
ns_259,None,DatasetFiles\ns_259.js
ns_260,None,DatasetFiles\ns_260.js
ns_261,None,DatasetFiles\ns_261.js
ns_262,None,DatasetFiles\ns_262.js
ns_263,None,DatasetFiles\ns_263.js
ns_264,None,DatasetFiles\ns_264.js
ns_265,None,DatasetFiles\ns_265.js
ns_266,None,DatasetFiles\ns_266.js
ns_267,None,DatasetFiles\ns_267.js
ns_268,None,DatasetFiles\ns_268.js
ns_269,None,DatasetFiles\ns_269.js
ns_270,None,DatasetFiles\ns_270.js
ns_271,None,DatasetFiles\ns_271.js
ns_272,None,DatasetFiles\ns_272.js
ns_273,None,DatasetFiles\ns_273.js
ns_274,None,DatasetFiles\ns_274.js
ns_275,None,DatasetFiles\ns_275.js
ns_276,None,DatasetFiles\ns_276.js
ns_277,None,DatasetFiles\ns_277.js
ns_278,None,DatasetFiles\ns_278.js
ns_279,None,DatasetFiles\ns_279.js
ns_280,None,DatasetFiles\ns_280.js
ns_281,None,DatasetFiles\ns_281.js
ns_282,None,DatasetFiles\ns_282.js
ns_283,None,DatasetFiles\ns_283.js
ns_284,None,DatasetFiles\ns_284.js
ns_285,None,DatasetFiles\ns_285.js
ns_286,None,DatasetFiles\ns_286.js
ns_287,None,DatasetFiles\ns_287.js
ns_288,None,DatasetFiles\ns_288.js
ns_289,None,DatasetFiles\ns_289.js
ns_290,None,DatasetFiles\ns_290.js
ns_291,None,DatasetFiles\ns_291.js
ns_292,None,DatasetFiles\ns_292.js
ns_293,None,DatasetFiles\ns_293.js
ns_294,None,DatasetFiles\ns_294.js
ns_295,None,DatasetFiles\ns_295.js
ns_296,None,DatasetFiles\ns_296.js
ns_297,None,DatasetFiles\ns_297.js
ns_298,None,DatasetFiles\ns_298.js
ns_299,None,DatasetFiles\ns_299.js
ns_300,None,DatasetFiles\ns_300.js